s,us,a,chegada,envio,delay_ms,jitter_ms
1616294960,168473,1234abcdefghijklmnopqrstuvwxyz,1616294960194,1616294960168,26,0
1616294960,271469,1234abcdefghijklmnopqrstuvwxyz,1616294960297,1616294960271,26,0
1616294960,373469,1234abcdefghijklmnopqrstuvwxyz,1616294960392,1616294960373,19,7
1616294960,475469,1234abcdefghijklmnopqrstuvwxyz,1616294960496,1616294960475,21,2
1616294960,577469,1234abcdefghijklmnopqrstuvwxyz,1616294960596,1616294960577,19,2
1616294960,679469,1234abcdefghijklmnopqrstuvwxyz,1616294960697,1616294960679,18,1
1616294960,781469,1234abcdefghijklmnopqrstuvwxyz,1616294960008,1616294960781,773,755
1616294960,883469,1234abcdefghijklmnopqrstuvwxyz,1616294960009,1616294960883,874,101
1616294960,985469,1234abcdefghijklmnopqrstuvwxyz,1616294961003,1616294960985,18,856
1616294961,87469,1234abcdefghijklmnopqrstuvwxyz,1616294961106,1616294961087,19,1
1616294961,189469,1234abcdefghijklmnopqrstuvwxyz,1616294961206,1616294961189,17,2
1616294961,291469,1234abcdefghijklmnopqrstuvwxyz,1616294961312,1616294961291,21,4
1616294961,393469,1234abcdefghijklmnopqrstuvwxyz,1616294961411,1616294961393,18,3
1616294961,495469,1234abcdefghijklmnopqrstuvwxyz,1616294961514,1616294961495,19,1
1616294961,597469,1234abcdefghijklmnopqrstuvwxyz,1616294961616,1616294961597,19,0
1616294961,699469,1234abcdefghijklmnopqrstuvwxyz,1616294961717,1616294961699,18,1
1616294961,801469,1234abcdefghijklmnopqrstuvwxyz,1616294961822,1616294961801,21,3
1616294961,903469,1234abcdefghijklmnopqrstuvwxyz,1616294961924,1616294961903,21,0
1616294962,5469,1234abcdefghijklmnopqrstuvwxyz,1616294962024,1616294962005,19,2
1616294962,107469,1234abcdefghijklmnopqrstuvwxyz,1616294962013,1616294962107,94,75
1616294962,209469,1234abcdefghijklmnopqrstuvwxyz,1616294962228,1616294962209,19,75
1616294962,311469,1234abcdefghijklmnopqrstuvwxyz,1616294962332,1616294962311,21,2
1616294962,413469,1234abcdefghijklmnopqrstuvwxyz,1616294962432,1616294962413,19,2
1616294962,515469,1234abcdefghijklmnopqrstuvwxyz,1616294962533,1616294962515,18,1
1616294962,617469,1234abcdefghijklmnopqrstuvwxyz,1616294962635,1616294962617,18,0
1616294962,719469,1234abcdefghijklmnopqrstuvwxyz,1616294962752,1616294962719,33,15
1616294962,821469,1234abcdefghijklmnopqrstuvwxyz,1616294962839,1616294962821,18,15
1616294962,923469,1234abcdefghijklmnopqrstuvwxyz,1616294962094,1616294962923,829,811
1616294963,25469,1234abcdefghijklmnopqrstuvwxyz,1616294963053,1616294963025,28,801
1616294963,127469,1234abcdefghijklmnopqrstuvwxyz,1616294963145,1616294963127,18,10
1616294963,229469,1234abcdefghijklmnopqrstuvwxyz,1616294963248,1616294963229,19,1
1616294963,331469,1234abcdefghijklmnopqrstuvwxyz,1616294963035,1616294963331,296,277
1616294963,433469,1234abcdefghijklmnopqrstuvwxyz,1616294963452,1616294963433,19,277
1616294963,535469,1234abcdefghijklmnopqrstuvwxyz,1616294963557,1616294963535,22,3
1616294963,637469,1234abcdefghijklmnopqrstuvwxyz,1616294963066,1616294963637,571,549
1616294963,739469,1234abcdefghijklmnopqrstuvwxyz,1616294963758,1616294963739,19,552
1616294963,841469,1234abcdefghijklmnopqrstuvwxyz,1616294963863,1616294963841,22,3
1616294963,943469,1234abcdefghijklmnopqrstuvwxyz,1616294963964,1616294963943,21,1
1616294964,45469,1234abcdefghijklmnopqrstuvwxyz,1616294964065,1616294964045,20,1
1616294964,147469,1234abcdefghijklmnopqrstuvwxyz,1616294964165,1616294964147,18,2
1616294964,249469,1234abcdefghijklmnopqrstuvwxyz,1616294964268,1616294964249,19,1
1616294964,351469,1234abcdefghijklmnopqrstuvwxyz,1616294964037,1616294964351,314,295
1616294964,453469,1234abcdefghijklmnopqrstuvwxyz,1616294964047,1616294964453,406,92
1616294964,555469,1234abcdefghijklmnopqrstuvwxyz,1616294964572,1616294964555,17,389
1616294964,657469,1234abcdefghijklmnopqrstuvwxyz,1616294964674,1616294964657,17,0
1616294964,759469,1234abcdefghijklmnopqrstuvwxyz,1616294964776,1616294964759,17,0
1616294964,861469,1234abcdefghijklmnopqrstuvwxyz,1616294964878,1616294964861,17,0
1616294964,963469,1234abcdefghijklmnopqrstuvwxyz,1616294964981,1616294964963,18,1
1616294965,65469,1234abcdefghijklmnopqrstuvwxyz,1616294965082,1616294965065,17,1
1616294965,167469,1234abcdefghijklmnopqrstuvwxyz,1616294965188,1616294965167,21,4
1616294965,269469,1234abcdefghijklmnopqrstuvwxyz,1616294965286,1616294965269,17,4
1616294965,371469,1234abcdefghijklmnopqrstuvwxyz,1616294965389,1616294965371,18,1
1616294965,473469,1234abcdefghijklmnopqrstuvwxyz,1616294965495,1616294965473,22,4
1616294965,575469,1234abcdefghijklmnopqrstuvwxyz,1616294965594,1616294965575,19,3
1616294965,677469,1234abcdefghijklmnopqrstuvwxyz,1616294965699,1616294965677,22,3
1616294965,779469,1234abcdefghijklmnopqrstuvwxyz,1616294965797,1616294965779,18,4
1616294965,881469,1234abcdefghijklmnopqrstuvwxyz,1616294965899,1616294965881,18,0
1616294965,983469,1234abcdefghijklmnopqrstuvwxyz,1616294966001,1616294965983,18,0
1616294966,85469,1234abcdefghijklmnopqrstuvwxyz,1616294966103,1616294966085,18,0
1616294966,187469,1234abcdefghijklmnopqrstuvwxyz,1616294966205,1616294966187,18,0
1616294966,289469,1234abcdefghijklmnopqrstuvwxyz,1616294966306,1616294966289,17,1
1616294966,391469,1234abcdefghijklmnopqrstuvwxyz,1616294966041,1616294966391,350,333
1616294966,493469,1234abcdefghijklmnopqrstuvwxyz,1616294966051,1616294966493,442,92
1616294966,595469,1234abcdefghijklmnopqrstuvwxyz,1616294966612,1616294966595,17,425
1616294966,697469,1234abcdefghijklmnopqrstuvwxyz,1616294966713,1616294966697,16,1
1616294966,799469,1234abcdefghijklmnopqrstuvwxyz,1616294966816,1616294966799,17,1
1616294966,901469,1234abcdefghijklmnopqrstuvwxyz,1616294966918,1616294966901,17,0
1616294967,3469,1234abcdefghijklmnopqrstuvwxyz,1616294967021,1616294967003,18,1
1616294967,105469,1234abcdefghijklmnopqrstuvwxyz,1616294967123,1616294967105,18,0
1616294967,207469,1234abcdefghijklmnopqrstuvwxyz,1616294967225,1616294967207,18,0
1616294967,309469,1234abcdefghijklmnopqrstuvwxyz,1616294967325,1616294967309,16,2
1616294967,411469,1234abcdefghijklmnopqrstuvwxyz,1616294967433,1616294967411,22,6
1616294967,513469,1234abcdefghijklmnopqrstuvwxyz,1616294967534,1616294967513,21,1
1616294967,615469,1234abcdefghijklmnopqrstuvwxyz,1616294969168,1616294967615,1553,1532
1616294967,717469,1234abcdefghijklmnopqrstuvwxyz,1616294969378,1616294967717,1661,108
1616294967,818469,1234abcdefghijklmnopqrstuvwxyz,1616294969391,1616294967818,1573,88
1616294967,918469,1234abcdefghijklmnopqrstuvwxyz,1616294969392,1616294967918,1474,99
1616294968,18469,1234abcdefghijklmnopqrstuvwxyz,1616294969392,1616294968018,1374,100
1616294968,118469,1234abcdefghijklmnopqrstuvwxyz,1616294969392,1616294968118,1274,100
1616294968,218469,1234abcdefghijklmnopqrstuvwxyz,1616294969393,1616294968218,1175,99
1616294968,318469,1234abcdefghijklmnopqrstuvwxyz,1616294969393,1616294968318,1075,100
1616294968,418469,1234abcdefghijklmnopqrstuvwxyz,1616294969393,1616294968418,975,100
1616294968,518469,1234abcdefghijklmnopqrstuvwxyz,1616294969393,1616294968518,875,100
1616294968,618469,1234abcdefghijklmnopqrstuvwxyz,1616294969394,1616294968618,776,99
1616294968,718469,1234abcdefghijklmnopqrstuvwxyz,1616294969394,1616294968718,676,100
1616294968,818469,1234abcdefghijklmnopqrstuvwxyz,1616294969395,1616294968818,577,99
1616294968,919469,1234abcdefghijklmnopqrstuvwxyz,1616294969396,1616294968919,477,100
1616294969,19469,1234abcdefghijklmnopqrstuvwxyz,1616294969396,1616294969019,377,100
1616294969,119469,1234abcdefghijklmnopqrstuvwxyz,1616294969396,1616294969119,277,100
1616294969,219469,1234abcdefghijklmnopqrstuvwxyz,1616294969397,1616294969219,178,99
1616294969,320469,1234abcdefghijklmnopqrstuvwxyz,1616294969575,1616294969320,255,77
1616294969,421469,1234abcdefghijklmnopqrstuvwxyz,1616294969576,1616294969421,155,100
1616294969,522469,1234abcdefghijklmnopqrstuvwxyz,1616294969779,1616294969522,257,102
1616294969,623469,1234abcdefghijklmnopqrstuvwxyz,1616294969781,1616294969623,158,99
1616294969,723469,1234abcdefghijklmnopqrstuvwxyz,1616294969983,1616294969723,260,102
1616294969,824469,1234abcdefghijklmnopqrstuvwxyz,1616294969984,1616294969824,160,100
1616294969,924469,1234abcdefghijklmnopqrstuvwxyz,1616294970191,1616294969924,267,107
1616294970,25469,1234abcdefghijklmnopqrstuvwxyz,1616294970192,1616294970025,167,100
1616294970,125469,1234abcdefghijklmnopqrstuvwxyz,1616294970394,1616294970125,269,102
1616294970,226469,1234abcdefghijklmnopqrstuvwxyz,1616294970397,1616294970226,171,98
1616294970,327469,1234abcdefghijklmnopqrstuvwxyz,1616294970602,1616294970327,275,104
1616294970,428469,1234abcdefghijklmnopqrstuvwxyz,1616294970607,1616294970428,179,96
1616294970,528469,1234abcdefghijklmnopqrstuvwxyz,1616294970806,1616294970528,278,99
1616294970,629469,1234abcdefghijklmnopqrstuvwxyz,1616294970806,1616294970629,177,101
1616294970,729469,1234abcdefghijklmnopqrstuvwxyz,1616294970908,1616294970729,179,2
1616294970,830469,1234abcdefghijklmnopqrstuvwxyz,1616294970909,1616294970830,79,100
1616294970,930469,1234abcdefghijklmnopqrstuvwxyz,1616294970945,1616294970930,15,64
1616294971,31469,1234abcdefghijklmnopqrstuvwxyz,1616294971047,1616294971031,16,1
1616294971,133469,1234abcdefghijklmnopqrstuvwxyz,1616294971149,1616294971133,16,0
1616294971,235469,1234abcdefghijklmnopqrstuvwxyz,1616294971253,1616294971235,18,2
1616294971,337469,1234abcdefghijklmnopqrstuvwxyz,1616294971353,1616294971337,16,2
1616294971,439469,1234abcdefghijklmnopqrstuvwxyz,1616294971458,1616294971439,19,3
1616294971,541469,1234abcdefghijklmnopqrstuvwxyz,1616294971559,1616294971541,18,1
1616294971,643469,1234abcdefghijklmnopqrstuvwxyz,1616294971661,1616294971643,18,0
1616294971,745469,1234abcdefghijklmnopqrstuvwxyz,1616294971762,1616294971745,17,1
1616294971,847469,1234abcdefghijklmnopqrstuvwxyz,1616294971866,1616294971847,19,2
1616294971,949469,1234abcdefghijklmnopqrstuvwxyz,1616294971974,1616294971949,25,6
1616294972,51469,1234abcdefghijklmnopqrstuvwxyz,1616294972069,1616294972051,18,7
1616294972,153469,1234abcdefghijklmnopqrstuvwxyz,1616294972175,1616294972153,22,4
1616294972,255469,1234abcdefghijklmnopqrstuvwxyz,1616294972275,1616294972255,20,2
1616294972,357469,1234abcdefghijklmnopqrstuvwxyz,1616294972038,1616294972357,319,299
1616294972,459469,1234abcdefghijklmnopqrstuvwxyz,1616294972476,1616294972459,17,302
1616294972,561469,1234abcdefghijklmnopqrstuvwxyz,1616294972578,1616294972561,17,0
1616294972,663469,1234abcdefghijklmnopqrstuvwxyz,1616294972068,1616294972663,595,578
1616294972,765469,1234abcdefghijklmnopqrstuvwxyz,1616294972781,1616294972765,16,579
1616294972,867469,1234abcdefghijklmnopqrstuvwxyz,1616294972916,1616294972867,49,33
1616294972,969469,1234abcdefghijklmnopqrstuvwxyz,1616294974193,1616294972969,1224,1175
1616294973,70469,1234abcdefghijklmnopqrstuvwxyz,1616294974198,1616294973070,1128,96
1616294973,170469,1234abcdefghijklmnopqrstuvwxyz,1616294974198,1616294973170,1028,100
1616294973,270469,1234abcdefghijklmnopqrstuvwxyz,1616294974199,1616294973270,929,99
1616294973,371469,1234abcdefghijklmnopqrstuvwxyz,1616294974002,1616294973371,631,298
1616294973,471469,1234abcdefghijklmnopqrstuvwxyz,1616294974002,1616294973471,531,100
1616294973,571469,1234abcdefghijklmnopqrstuvwxyz,1616294974201,1616294973571,630,99
1616294973,671469,1234abcdefghijklmnopqrstuvwxyz,1616294974201,1616294973671,530,100
1616294973,772469,1234abcdefghijklmnopqrstuvwxyz,1616294974201,1616294973772,429,101
1616294973,872469,1234abcdefghijklmnopqrstuvwxyz,1616294974202,1616294973872,330,99
1616294973,972469,1234abcdefghijklmnopqrstuvwxyz,1616294974202,1616294973972,230,100
1616294974,72472,1234abcdefghijklmnopqrstuvwxyz,1616294974203,1616294974072,131,99
1616294974,173469,1234abcdefghijklmnopqrstuvwxyz,1616294974392,1616294974173,219,88
1616294974,274469,1234abcdefghijklmnopqrstuvwxyz,1616294974494,1616294974274,220,1
1616294974,375469,1234abcdefghijklmnopqrstuvwxyz,1616294974496,1616294974375,121,99
1616294974,475472,1234abcdefghijklmnopqrstuvwxyz,1616294974499,1616294974475,24,97
1616294974,577469,1234abcdefghijklmnopqrstuvwxyz,1616294974596,1616294974577,19,5
1616294974,679475,1234abcdefghijklmnopqrstuvwxyz,1616294974697,1616294974679,18,1
1616294974,781472,1234abcdefghijklmnopqrstuvwxyz,1616294974008,1616294974781,773,755
1616294974,883472,1234abcdefghijklmnopqrstuvwxyz,1616294974904,1616294974883,21,752
1616294974,986472,1234abcdefghijklmnopqrstuvwxyz,1616294975007,1616294974986,21,0
1616294975,88472,1234abcdefghijklmnopqrstuvwxyz,1616294975107,1616294975088,19,2
1616294975,190471,1234abcdefghijklmnopqrstuvwxyz,1616294975208,1616294975190,18,1
1616294975,293472,1234abcdefghijklmnopqrstuvwxyz,1616294975309,1616294975293,16,2
1616294975,395472,1234abcdefghijklmnopqrstuvwxyz,1616294975413,1616294975395,18,2
1616294975,498472,1234abcdefghijklmnopqrstuvwxyz,1616294975515,1616294975498,17,1
1616294975,600473,1234abcdefghijklmnopqrstuvwxyz,1616294975616,1616294975600,16,1
1616294975,702469,1234abcdefghijklmnopqrstuvwxyz,1616294975072,1616294975702,630,614
1616294975,805472,1234abcdefghijklmnopqrstuvwxyz,1616294975821,1616294975805,16,614
1616294975,907472,1234abcdefghijklmnopqrstuvwxyz,1616294975923,1616294975907,16,0
1616294976,10472,1234abcdefghijklmnopqrstuvwxyz,1616294976003,1616294976010,7,9
1616294976,112473,1234abcdefghijklmnopqrstuvwxyz,1616294976013,1616294976112,99,92
1616294976,214469,1234abcdefghijklmnopqrstuvwxyz,1616294976233,1616294976214,19,80
1616294976,317473,1234abcdefghijklmnopqrstuvwxyz,1616294976334,1616294976317,17,2
1616294976,419473,1234abcdefghijklmnopqrstuvwxyz,1616294976441,1616294976419,22,5
1616294976,522472,1234abcdefghijklmnopqrstuvwxyz,1616294976541,1616294976522,19,3
1616294976,624474,1234abcdefghijklmnopqrstuvwxyz,1616294976642,1616294976624,18,1
1616294976,726469,1234abcdefghijklmnopqrstuvwxyz,1616294976749,1616294976726,23,5
1616294976,829473,1234abcdefghijklmnopqrstuvwxyz,1616294976845,1616294976829,16,7
1616294976,931475,1234abcdefghijklmnopqrstuvwxyz,1616294976947,1616294976931,16,0
1616294977,34473,1234abcdefghijklmnopqrstuvwxyz,1616294977005,1616294977034,29,13
1616294977,136473,1234abcdefghijklmnopqrstuvwxyz,1616294977161,1616294977136,25,4
1616294977,239473,1234abcdefghijklmnopqrstuvwxyz,1616294977255,1616294977239,16,9
1616294977,341473,1234abcdefghijklmnopqrstuvwxyz,1616294977357,1616294977341,16,0
1616294977,443476,1234abcdefghijklmnopqrstuvwxyz,1616294977046,1616294977443,397,381
1616294977,546473,1234abcdefghijklmnopqrstuvwxyz,1616294977562,1616294977546,16,381
1616294977,648476,1234abcdefghijklmnopqrstuvwxyz,1616294977667,1616294977648,19,3
1616294977,750469,1234abcdefghijklmnopqrstuvwxyz,1616294977768,1616294977750,18,1
1616294977,853472,1234abcdefghijklmnopqrstuvwxyz,1616294977872,1616294977853,19,1
1616294977,955475,1234abcdefghijklmnopqrstuvwxyz,1616294977976,1616294977955,21,2
1616294978,58472,1234abcdefghijklmnopqrstuvwxyz,1616294978075,1616294978058,17,4
1616294978,160475,1234abcdefghijklmnopqrstuvwxyz,1616294978178,1616294978160,18,1
1616294978,262469,1234abcdefghijklmnopqrstuvwxyz,1616294978279,1616294978262,17,1
1616294978,365472,1234abcdefghijklmnopqrstuvwxyz,1616294978382,1616294978365,17,0
1616294978,467474,1234abcdefghijklmnopqrstuvwxyz,1616294978483,1616294978467,16,1
1616294978,570472,1234abcdefghijklmnopqrstuvwxyz,1616294978586,1616294978570,16,0
1616294978,672472,1234abcdefghijklmnopqrstuvwxyz,1616294978688,1616294978672,16,0
1616294978,774469,1234abcdefghijklmnopqrstuvwxyz,1616294978791,1616294978774,17,1
1616294978,877472,1234abcdefghijklmnopqrstuvwxyz,1616294978895,1616294978877,18,1
1616294978,979473,1234abcdefghijklmnopqrstuvwxyz,1616294978996,1616294978979,17,1
1616294979,82472,1234abcdefghijklmnopqrstuvwxyz,1616294979099,1616294979082,17,0
1616294979,184472,1234abcdefghijklmnopqrstuvwxyz,1616294979002,1616294979184,182,165
1616294979,286469,1234abcdefghijklmnopqrstuvwxyz,1616294979302,1616294979286,16,166
1616294979,389472,1234abcdefghijklmnopqrstuvwxyz,1616294979407,1616294979389,18,2
1616294979,491475,1234abcdefghijklmnopqrstuvwxyz,1616294979511,1616294979491,20,2
1616294979,594473,1234abcdefghijklmnopqrstuvwxyz,1616294979614,1616294979594,20,0
1616294979,696472,1234abcdefghijklmnopqrstuvwxyz,1616294979716,1616294979696,20,0
1616294979,798469,1234abcdefghijklmnopqrstuvwxyz,1616294979814,1616294979798,16,4
1616294979,901472,1234abcdefghijklmnopqrstuvwxyz,1616294979918,1616294979901,17,1
1616294980,3477,1234abcdefghijklmnopqrstuvwxyz,1616294980019,1616294980003,16,1
1616294980,106472,1234abcdefghijklmnopqrstuvwxyz,1616294980122,1616294980106,16,0
1616294980,208472,1234abcdefghijklmnopqrstuvwxyz,1616294980225,1616294980208,17,1
1616294980,310469,1234abcdefghijklmnopqrstuvwxyz,1616294980328,1616294980310,18,1
1616294980,413472,1234abcdefghijklmnopqrstuvwxyz,1616294980043,1616294980413,370,352
1616294980,515475,1234abcdefghijklmnopqrstuvwxyz,1616294980532,1616294980515,17,353
1616294980,618472,1234abcdefghijklmnopqrstuvwxyz,1616294980634,1616294980618,16,1
1616294980,720473,1234abcdefghijklmnopqrstuvwxyz,1616294980736,1616294980720,16,0
1616294980,822469,1234abcdefghijklmnopqrstuvwxyz,1616294980843,1616294980822,21,5
1616294980,925472,1234abcdefghijklmnopqrstuvwxyz,1616294980945,1616294980925,20,1
1616294981,27473,1234abcdefghijklmnopqrstuvwxyz,1616294981046,1616294981027,19,1
1616294981,130472,1234abcdefghijklmnopqrstuvwxyz,1616294981147,1616294981130,17,2
1616294981,232473,1234abcdefghijklmnopqrstuvwxyz,1616294981249,1616294981232,17,0
1616294981,335473,1234abcdefghijklmnopqrstuvwxyz,1616294981351,1616294981335,16,1
1616294981,437472,1234abcdefghijklmnopqrstuvwxyz,1616294981454,1616294981437,17,1
1616294981,539473,1234abcdefghijklmnopqrstuvwxyz,1616294981557,1616294981539,18,1
1616294981,642473,1234abcdefghijklmnopqrstuvwxyz,1616294981658,1616294981642,16,2
1616294981,744473,1234abcdefghijklmnopqrstuvwxyz,1616294981761,1616294981744,17,1
1616294981,846469,1234abcdefghijklmnopqrstuvwxyz,1616294981863,1616294981846,17,0
1616294981,949472,1234abcdefghijklmnopqrstuvwxyz,1616294981965,1616294981949,16,1
1616294982,51477,1234abcdefghijklmnopqrstuvwxyz,1616294982069,1616294982051,18,2
1616294982,154473,1234abcdefghijklmnopqrstuvwxyz,1616294982171,1616294982154,17,1
1616294982,256472,1234abcdefghijklmnopqrstuvwxyz,1616294982274,1616294982256,18,1
1616294982,359472,1234abcdefghijklmnopqrstuvwxyz,1616294982379,1616294982359,20,2
1616294982,461472,1234abcdefghijklmnopqrstuvwxyz,1616294982477,1616294982461,16,4
1616294982,563470,1234abcdefghijklmnopqrstuvwxyz,1616294982581,1616294982563,18,2
1616294982,666473,1234abcdefghijklmnopqrstuvwxyz,1616294982683,1616294982666,17,1
1616294982,768472,1234abcdefghijklmnopqrstuvwxyz,1616294982786,1616294982768,18,1
1616294982,871472,1234abcdefghijklmnopqrstuvwxyz,1616294982888,1616294982871,17,1
1616294982,973473,1234abcdefghijklmnopqrstuvwxyz,1616294982099,1616294982973,874,857
1616294983,75469,1234abcdefghijklmnopqrstuvwxyz,1616294983093,1616294983075,18,856
1616294983,178472,1234abcdefghijklmnopqrstuvwxyz,1616294983194,1616294983178,16,2
1616294983,280472,1234abcdefghijklmnopqrstuvwxyz,1616294983298,1616294983280,18,2
1616294983,383472,1234abcdefghijklmnopqrstuvwxyz,1616294983399,1616294983383,16,2
1616294983,485472,1234abcdefghijklmnopqrstuvwxyz,1616294983005,1616294983485,480,464
1616294983,587469,1234abcdefghijklmnopqrstuvwxyz,1616294983605,1616294983587,18,462
1616294983,690472,1234abcdefghijklmnopqrstuvwxyz,1616294983709,1616294983690,19,1
1616294983,792472,1234abcdefghijklmnopqrstuvwxyz,1616294983814,1616294983792,22,3
1616294983,895472,1234abcdefghijklmnopqrstuvwxyz,1616294983911,1616294983895,16,6
1616294983,997473,1234abcdefghijklmnopqrstuvwxyz,1616294984012,1616294983997,15,1
1616294984,99469,1234abcdefghijklmnopqrstuvwxyz,1616294984128,1616294984099,29,14
1616294984,202473,1234abcdefghijklmnopqrstuvwxyz,1616294984218,1616294984202,16,13
1616294984,304476,1234abcdefghijklmnopqrstuvwxyz,1616294984032,1616294984304,272,256
1616294984,407472,1234abcdefghijklmnopqrstuvwxyz,1616294984422,1616294984407,15,257
1616294984,509475,1234abcdefghijklmnopqrstuvwxyz,1616294984524,1616294984509,15,0
1616294984,611469,1234abcdefghijklmnopqrstuvwxyz,1616294984626,1616294984611,15,0
1616294984,714472,1234abcdefghijklmnopqrstuvwxyz,1616294984729,1616294984714,15,0
1616294984,816476,1234abcdefghijklmnopqrstuvwxyz,1616294984833,1616294984816,17,2
1616294984,919472,1234abcdefghijklmnopqrstuvwxyz,1616294984094,1616294984919,825,808
1616294985,21474,1234abcdefghijklmnopqrstuvwxyz,1616294985039,1616294985021,18,807
1616294985,123469,1234abcdefghijklmnopqrstuvwxyz,1616294985142,1616294985123,19,1
1616294985,226472,1234abcdefghijklmnopqrstuvwxyz,1616294985241,1616294985226,15,4
1616294985,328475,1234abcdefghijklmnopqrstuvwxyz,1616294985348,1616294985328,20,5
1616294985,431472,1234abcdefghijklmnopqrstuvwxyz,1616294985452,1616294985431,21,1
1616294985,533475,1234abcdefghijklmnopqrstuvwxyz,1616294985551,1616294985533,18,3
1616294985,635469,1234abcdefghijklmnopqrstuvwxyz,1616294985653,1616294985635,18,0
1616294985,738473,1234abcdefghijklmnopqrstuvwxyz,1616294985755,1616294985738,17,1
1616294985,840475,1234abcdefghijklmnopqrstuvwxyz,1616294985856,1616294985840,16,1
1616294985,943473,1234abcdefghijklmnopqrstuvwxyz,1616294985959,1616294985943,16,0
1616294986,45475,1234abcdefghijklmnopqrstuvwxyz,1616294986062,1616294986045,17,1
1616294986,147469,1234abcdefghijklmnopqrstuvwxyz,1616294986163,1616294986147,16,1
1616294986,250472,1234abcdefghijklmnopqrstuvwxyz,1616294986027,1616294986250,223,207
1616294986,352473,1234abcdefghijklmnopqrstuvwxyz,1616294986369,1616294986352,17,206
1616294986,455472,1234abcdefghijklmnopqrstuvwxyz,1616294986472,1616294986455,17,0
1616294986,557472,1234abcdefghijklmnopqrstuvwxyz,1616294986574,1616294986557,17,0
1616294986,659469,1234abcdefghijklmnopqrstuvwxyz,1616294986676,1616294986659,17,0
1616294986,762472,1234abcdefghijklmnopqrstuvwxyz,1616294986078,1616294986762,684,667
1616294986,864475,1234abcdefghijklmnopqrstuvwxyz,1616294986884,1616294986864,20,664
1616294986,967472,1234abcdefghijklmnopqrstuvwxyz,1616294986099,1616294986967,868,848
1616294987,69472,1234abcdefghijklmnopqrstuvwxyz,1616294987088,1616294987069,19,849
1616294987,171469,1234abcdefghijklmnopqrstuvwxyz,1616294987188,1616294987171,17,2
1616294987,274472,1234abcdefghijklmnopqrstuvwxyz,1616294987289,1616294987274,15,2
1616294987,376477,1234abcdefghijklmnopqrstuvwxyz,1616294987393,1616294987376,17,2
1616294987,479472,1234abcdefghijklmnopqrstuvwxyz,1616294987494,1616294987479,15,2
1616294987,581472,1234abcdefghijklmnopqrstuvwxyz,1616294987596,1616294987581,15,0
1616294987,683469,1234abcdefghijklmnopqrstuvwxyz,1616294987699,1616294987683,16,1
1616294987,786472,1234abcdefghijklmnopqrstuvwxyz,1616294987801,1616294987786,15,1
1616294987,888475,1234abcdefghijklmnopqrstuvwxyz,1616294987905,1616294987888,17,2
1616294987,991472,1234abcdefghijklmnopqrstuvwxyz,1616294988008,1616294987991,17,0
1616294988,93472,1234abcdefghijklmnopqrstuvwxyz,1616294988011,1616294988093,82,65
1616294988,195469,1234abcdefghijklmnopqrstuvwxyz,1616294988214,1616294988195,19,63
1616294988,298472,1234abcdefghijklmnopqrstuvwxyz,1616294988317,1616294988298,19,0
1616294988,400473,1234abcdefghijklmnopqrstuvwxyz,1616294988418,1616294988400,18,1
1616294988,503472,1234abcdefghijklmnopqrstuvwxyz,1616294988519,1616294988503,16,2
1616294988,605473,1234abcdefghijklmnopqrstuvwxyz,1616294988062,1616294988605,543,527
1616294988,707469,1234abcdefghijklmnopqrstuvwxyz,1616294988725,1616294988707,18,525
1616294988,810472,1234abcdefghijklmnopqrstuvwxyz,1616294988825,1616294988810,15,3
1616294988,912472,1234abcdefghijklmnopqrstuvwxyz,1616294988927,1616294988912,15,0
1616294989,15473,1234abcdefghijklmnopqrstuvwxyz,1616294989003,1616294989015,12,3
1616294989,117473,1234abcdefghijklmnopqrstuvwxyz,1616294989135,1616294989117,18,6
1616294989,220472,1234abcdefghijklmnopqrstuvwxyz,1616294989236,1616294989220,16,2
1616294989,322472,1234abcdefghijklmnopqrstuvwxyz,1616294989339,1616294989322,17,1
1616294989,424475,1234abcdefghijklmnopqrstuvwxyz,1616294989441,1616294989424,17,0
1616294989,527473,1234abcdefghijklmnopqrstuvwxyz,1616294989544,1616294989527,17,0
1616294989,629472,1234abcdefghijklmnopqrstuvwxyz,1616294989646,1616294989629,17,0
1616294989,732472,1234abcdefghijklmnopqrstuvwxyz,1616294989749,1616294989732,17,0
1616294989,834472,1234abcdefghijklmnopqrstuvwxyz,1616294989852,1616294989834,18,1
1616294989,936472,1234abcdefghijklmnopqrstuvwxyz,1616294989954,1616294989936,18,0
1616294990,39472,1234abcdefghijklmnopqrstuvwxyz,1616294990055,1616294990039,16,2
1616294990,141472,1234abcdefghijklmnopqrstuvwxyz,1616294990156,1616294990141,15,1
1616294990,244473,1234abcdefghijklmnopqrstuvwxyz,1616294990026,1616294990244,218,203
1616294990,346473,1234abcdefghijklmnopqrstuvwxyz,1616294990361,1616294990346,15,203
1616294990,448469,1234abcdefghijklmnopqrstuvwxyz,1616294990463,1616294990448,15,0
1616294990,551472,1234abcdefghijklmnopqrstuvwxyz,1616294990566,1616294990551,15,0
1616294990,653472,1234abcdefghijklmnopqrstuvwxyz,1616294990668,1616294990653,15,0
1616294990,756472,1234abcdefghijklmnopqrstuvwxyz,1616294990772,1616294990756,16,1
1616294990,858475,1234abcdefghijklmnopqrstuvwxyz,1616294990877,1616294990858,19,3
1616294990,960469,1234abcdefghijklmnopqrstuvwxyz,1616294990975,1616294990960,15,4
1616294991,63472,1234abcdefghijklmnopqrstuvwxyz,1616294991081,1616294991063,18,3
1616294991,165473,1234abcdefghijklmnopqrstuvwxyz,1616294991181,1616294991165,16,2
1616294991,268472,1234abcdefghijklmnopqrstuvwxyz,1616294991286,1616294991268,18,2
1616294991,370475,1234abcdefghijklmnopqrstuvwxyz,1616294991388,1616294991370,18,0
1616294991,472469,1234abcdefghijklmnopqrstuvwxyz,1616294991489,1616294991472,17,1
1616294991,575472,1234abcdefghijklmnopqrstuvwxyz,1616294991591,1616294991575,16,1
1616294991,677474,1234abcdefghijklmnopqrstuvwxyz,1616294991694,1616294991677,17,1
1616294991,780472,1234abcdefghijklmnopqrstuvwxyz,1616294991796,1616294991780,16,1
1616294991,882473,1234abcdefghijklmnopqrstuvwxyz,1616294991897,1616294991882,15,1
1616294991,984469,1234abcdefghijklmnopqrstuvwxyz,1616294992001,1616294991984,17,2
1616294992,87472,1234abcdefghijklmnopqrstuvwxyz,1616294992102,1616294992087,15,2
1616294992,189475,1234abcdefghijklmnopqrstuvwxyz,1616294992205,1616294992189,16,1
1616294992,292472,1234abcdefghijklmnopqrstuvwxyz,1616294992031,1616294992292,261,245
1616294992,394473,1234abcdefghijklmnopqrstuvwxyz,1616294992413,1616294992394,19,242
1616294992,496469,1234abcdefghijklmnopqrstuvwxyz,1616294992514,1616294992496,18,1
1616294992,599472,1234abcdefghijklmnopqrstuvwxyz,1616294992615,1616294992599,16,2
1616294992,701476,1234abcdefghijklmnopqrstuvwxyz,1616294992715,1616294992701,14,2
1616294992,804472,1234abcdefghijklmnopqrstuvwxyz,1616294992082,1616294992804,722,708
1616294992,906475,1234abcdefghijklmnopqrstuvwxyz,1616294992922,1616294992906,16,706
1616294993,8469,1234abcdefghijklmnopqrstuvwxyz,1616294993025,1616294993008,17,1
1616294993,111472,1234abcdefghijklmnopqrstuvwxyz,1616294993128,1616294993111,17,0
1616294993,213474,1234abcdefghijklmnopqrstuvwxyz,1616294993229,1616294993213,16,1
1616294993,316472,1234abcdefghijklmnopqrstuvwxyz,1616294993331,1616294993316,15,1
1616294993,418475,1234abcdefghijklmnopqrstuvwxyz,1616294993432,1616294993418,14,1
1616294993,520469,1234abcdefghijklmnopqrstuvwxyz,1616294993536,1616294993520,16,2
1616294993,623472,1234abcdefghijklmnopqrstuvwxyz,1616294993637,1616294993623,14,2
1616294993,725474,1234abcdefghijklmnopqrstuvwxyz,1616294993739,1616294993725,14,0
1616294993,828472,1234abcdefghijklmnopqrstuvwxyz,1616294993843,1616294993828,15,1
1616294993,930473,1234abcdefghijklmnopqrstuvwxyz,1616294993947,1616294993930,17,2
1616294994,32469,1234abcdefghijklmnopqrstuvwxyz,1616294994053,1616294994032,21,4
1616294994,135472,1234abcdefghijklmnopqrstuvwxyz,1616294994152,1616294994135,17,4
1616294994,237475,1234abcdefghijklmnopqrstuvwxyz,1616294994263,1616294994237,26,9
1616294994,340473,1234abcdefghijklmnopqrstuvwxyz,1616294994358,1616294994340,18,8
1616294994,442472,1234abcdefghijklmnopqrstuvwxyz,1616294994457,1616294994442,15,3
1616294994,544469,1234abcdefghijklmnopqrstuvwxyz,1616294994056,1616294994544,488,473
1616294994,647473,1234abcdefghijklmnopqrstuvwxyz,1616294994663,1616294994647,16,472
1616294994,749476,1234abcdefghijklmnopqrstuvwxyz,1616294994763,1616294994749,14,2
1616294994,852473,1234abcdefghijklmnopqrstuvwxyz,1616294994867,1616294994852,15,1
1616294994,954472,1234abcdefghijklmnopqrstuvwxyz,1616294994969,1616294994954,15,0
1616294995,56469,1234abcdefghijklmnopqrstuvwxyz,1616294995071,1616294995056,15,0
1616294995,159472,1234abcdefghijklmnopqrstuvwxyz,1616294995175,1616294995159,16,1
1616294995,261476,1234abcdefghijklmnopqrstuvwxyz,1616294995278,1616294995261,17,1
1616294995,364472,1234abcdefghijklmnopqrstuvwxyz,1616294995379,1616294995364,15,2
1616294995,466472,1234abcdefghijklmnopqrstuvwxyz,1616294995483,1616294995466,17,2
1616294995,568469,1234abcdefghijklmnopqrstuvwxyz,1616294995584,1616294995568,16,1
1616294995,671472,1234abcdefghijklmnopqrstuvwxyz,1616294995687,1616294995671,16,0
1616294995,773473,1234abcdefghijklmnopqrstuvwxyz,1616294995792,1616294995773,19,3
1616294995,876472,1234abcdefghijklmnopqrstuvwxyz,1616294995894,1616294995876,18,1
1616294995,978473,1234abcdefghijklmnopqrstuvwxyz,1616294995995,1616294995978,17,1
1616294996,80469,1234abcdefghijklmnopqrstuvwxyz,1616294996098,1616294996080,18,1
1616294996,183472,1234abcdefghijklmnopqrstuvwxyz,1616294996198,1616294996183,15,3
1616294996,285473,1234abcdefghijklmnopqrstuvwxyz,1616294996003,1616294996285,282,267
1616294996,388473,1234abcdefghijklmnopqrstuvwxyz,1616294996403,1616294996388,15,267
1616294996,490473,1234abcdefghijklmnopqrstuvwxyz,1616294996506,1616294996490,16,1
1616294996,592469,1234abcdefghijklmnopqrstuvwxyz,1616294996608,1616294996592,16,0
1616294996,695472,1234abcdefghijklmnopqrstuvwxyz,1616294996714,1616294996695,19,3
1616294996,797475,1234abcdefghijklmnopqrstuvwxyz,1616294996812,1616294996797,15,4
1616294996,900472,1234abcdefghijklmnopqrstuvwxyz,1616294996915,1616294996900,15,0
1616294997,2473,1234abcdefghijklmnopqrstuvwxyz,1616294997017,1616294997002,15,0
1616294997,104469,1234abcdefghijklmnopqrstuvwxyz,1616294997122,1616294997104,18,3
1616294997,207472,1234abcdefghijklmnopqrstuvwxyz,1616294997226,1616294997207,19,1
1616294997,309474,1234abcdefghijklmnopqrstuvwxyz,1616294997328,1616294997309,19,0
1616294997,412472,1234abcdefghijklmnopqrstuvwxyz,1616294997429,1616294997412,17,2
1616294997,514472,1234abcdefghijklmnopqrstuvwxyz,1616294997532,1616294997514,18,1
1616294997,617473,1234abcdefghijklmnopqrstuvwxyz,1616294997633,1616294997617,16,2
1616294997,719472,1234abcdefghijklmnopqrstuvwxyz,1616294997733,1616294997719,14,2
1616294997,821469,1234abcdefghijklmnopqrstuvwxyz,1616294997836,1616294997821,15,1
1616294997,924472,1234abcdefghijklmnopqrstuvwxyz,1616294997939,1616294997924,15,0
1616294998,26472,1234abcdefghijklmnopqrstuvwxyz,1616294998041,1616294998026,15,0
1616294998,129472,1234abcdefghijklmnopqrstuvwxyz,1616294998143,1616294998129,14,1
1616294998,231473,1234abcdefghijklmnopqrstuvwxyz,1616294998246,1616294998231,15,1
1616294998,333469,1234abcdefghijklmnopqrstuvwxyz,1616294998348,1616294998333,15,0
1616294998,436472,1234abcdefghijklmnopqrstuvwxyz,1616294998451,1616294998436,15,0
1616294998,538472,1234abcdefghijklmnopqrstuvwxyz,1616294998552,1616294998538,14,1
1616294998,641472,1234abcdefghijklmnopqrstuvwxyz,1616294998657,1616294998641,16,2
1616294998,743473,1234abcdefghijklmnopqrstuvwxyz,1616294998761,1616294998743,18,2
1616294998,845469,1234abcdefghijklmnopqrstuvwxyz,1616294998864,1616294998845,19,1
1616294998,948472,1234abcdefghijklmnopqrstuvwxyz,1616294998964,1616294998948,16,3
1616294999,50473,1234abcdefghijklmnopqrstuvwxyz,1616294999065,1616294999050,15,1
1616294999,153473,1234abcdefghijklmnopqrstuvwxyz,1616294999167,1616294999153,14,1
1616294999,255474,1234abcdefghijklmnopqrstuvwxyz,1616294999271,1616294999255,16,2
1616294999,357469,1234abcdefghijklmnopqrstuvwxyz,1616294999374,1616294999357,17,1
1616294999,460472,1234abcdefghijklmnopqrstuvwxyz,1616294999474,1616294999460,14,3
1616294999,562475,1234abcdefghijklmnopqrstuvwxyz,1616294999576,1616294999562,14,0
1616294999,665472,1234abcdefghijklmnopqrstuvwxyz,1616294999679,1616294999665,14,0
1616294999,767473,1234abcdefghijklmnopqrstuvwxyz,1616294999781,1616294999767,14,0
1616294999,869469,1234abcdefghijklmnopqrstuvwxyz,1616294999884,1616294999869,15,1
1616294999,972472,1234abcdefghijklmnopqrstuvwxyz,1616294999986,1616294999972,14,1
1616295000,74476,1234abcdefghijklmnopqrstuvwxyz,1616295000089,1616295000074,15,1
1616295000,176469,1234abcdefghijklmnopqrstuvwxyz,1616295000196,1616295000176,20,5
1616295000,279475,1234abcdefghijklmnopqrstuvwxyz,1616295000296,1616295000279,17,3
1616295000,381469,1234abcdefghijklmnopqrstuvwxyz,1616295000397,1616295000381,16,1
1616295000,484472,1234abcdefghijklmnopqrstuvwxyz,1616295000499,1616295000484,15,1
1616295000,586473,1234abcdefghijklmnopqrstuvwxyz,1616295000601,1616295000586,15,0
1616295000,689472,1234abcdefghijklmnopqrstuvwxyz,1616295000703,1616295000689,14,1
1616295000,791475,1234abcdefghijklmnopqrstuvwxyz,1616295000808,1616295000791,17,3
1616295000,893469,1234abcdefghijklmnopqrstuvwxyz,1616295000907,1616295000893,14,3
1616295000,996472,1234abcdefghijklmnopqrstuvwxyz,1616295001001,1616295000996,5,9
1616295001,98475,1234abcdefghijklmnopqrstuvwxyz,1616295001112,1616295001098,14,9
1616295001,201472,1234abcdefghijklmnopqrstuvwxyz,1616295001214,1616295001201,13,1
1616295001,303473,1234abcdefghijklmnopqrstuvwxyz,1616295001318,1616295001303,15,2
1616295001,405469,1234abcdefghijklmnopqrstuvwxyz,1616295001421,1616295001405,16,1
1616295001,508472,1234abcdefghijklmnopqrstuvwxyz,1616295001522,1616295001508,14,2
1616295001,610475,1234abcdefghijklmnopqrstuvwxyz,1616295001627,1616295001610,17,3
1616295001,713473,1234abcdefghijklmnopqrstuvwxyz,1616295001728,1616295001713,15,2
1616295001,815472,1234abcdefghijklmnopqrstuvwxyz,1616295001833,1616295001815,18,3
1616295001,917469,1234abcdefghijklmnopqrstuvwxyz,1616295001931,1616295001917,14,4
1616295002,20472,1234abcdefghijklmnopqrstuvwxyz,1616295002038,1616295002020,18,4
1616295002,122476,1234abcdefghijklmnopqrstuvwxyz,1616295002137,1616295002122,15,3
1616295002,225473,1234abcdefghijklmnopqrstuvwxyz,1616295002024,1616295002225,201,186
1616295002,327473,1234abcdefghijklmnopqrstuvwxyz,1616295002341,1616295002327,14,187
1616295002,429469,1234abcdefghijklmnopqrstuvwxyz,1616295002444,1616295002429,15,1
1616295002,532472,1234abcdefghijklmnopqrstuvwxyz,1616295002548,1616295002532,16,1
1616295002,634475,1234abcdefghijklmnopqrstuvwxyz,1616295002649,1616295002634,15,1
1616295002,737473,1234abcdefghijklmnopqrstuvwxyz,1616295002753,1616295002737,16,1
1616295002,839472,1234abcdefghijklmnopqrstuvwxyz,1616295002853,1616295002839,14,2
1616295002,941469,1234abcdefghijklmnopqrstuvwxyz,1616295002956,1616295002941,15,1
1616295003,44472,1234abcdefghijklmnopqrstuvwxyz,1616295003006,1616295003044,38,23
1616295003,146473,1234abcdefghijklmnopqrstuvwxyz,1616295003168,1616295003146,22,16
1616295003,249472,1234abcdefghijklmnopqrstuvwxyz,1616295003269,1616295003249,20,2
1616295003,351473,1234abcdefghijklmnopqrstuvwxyz,1616295003367,1616295003351,16,4
1616295003,453469,1234abcdefghijklmnopqrstuvwxyz,1616295003471,1616295003453,18,2
1616295003,556473,1234abcdefghijklmnopqrstuvwxyz,1616295003571,1616295003556,15,3
1616295003,658472,1234abcdefghijklmnopqrstuvwxyz,1616295003672,1616295003658,14,1
1616295003,761473,1234abcdefghijklmnopqrstuvwxyz,1616295003774,1616295003761,13,1
1616295003,863473,1234abcdefghijklmnopqrstuvwxyz,1616295003877,1616295003863,14,1
1616295003,965469,1234abcdefghijklmnopqrstuvwxyz,1616295003098,1616295003965,867,853
1616295004,68472,1234abcdefghijklmnopqrstuvwxyz,1616295004083,1616295004068,15,852
1616295004,170474,1234abcdefghijklmnopqrstuvwxyz,1616295004185,1616295004170,15,0
1616295004,273472,1234abcdefghijklmnopqrstuvwxyz,1616295004291,1616295004273,18,3
1616295004,375472,1234abcdefghijklmnopqrstuvwxyz,1616295004391,1616295004375,16,2
1616295004,478472,1234abcdefghijklmnopqrstuvwxyz,1616295004493,1616295004478,15,1
1616295004,580472,1234abcdefghijklmnopqrstuvwxyz,1616295004596,1616295004580,16,1
1616295004,682472,1234abcdefghijklmnopqrstuvwxyz,1616295004698,1616295004682,16,0
1616295004,785473,1234abcdefghijklmnopqrstuvwxyz,1616295004802,1616295004785,17,1
1616295004,887472,1234abcdefghijklmnopqrstuvwxyz,1616295004904,1616295004887,17,0
1616295004,990472,1234abcdefghijklmnopqrstuvwxyz,1616295005005,1616295004990,15,2
1616295005,92473,1234abcdefghijklmnopqrstuvwxyz,1616295005107,1616295005092,15,0
1616295005,194470,1234abcdefghijklmnopqrstuvwxyz,1616295005208,1616295005194,14,1
1616295005,297472,1234abcdefghijklmnopqrstuvwxyz,1616295005312,1616295005297,15,1
1616295005,399472,1234abcdefghijklmnopqrstuvwxyz,1616295005413,1616295005399,14,1
1616295005,502472,1234abcdefghijklmnopqrstuvwxyz,1616295005517,1616295005502,15,1
1616295005,604473,1234abcdefghijklmnopqrstuvwxyz,1616295005618,1616295005604,14,1
1616295005,706469,1234abcdefghijklmnopqrstuvwxyz,1616295005722,1616295005706,16,2
1616295005,809472,1234abcdefghijklmnopqrstuvwxyz,1616295005824,1616295005809,15,1
1616295005,911472,1234abcdefghijklmnopqrstuvwxyz,1616295005927,1616295005911,16,1
1616295006,14472,1234abcdefghijklmnopqrstuvwxyz,1616295006031,1616295006014,17,1
1616295006,116473,1234abcdefghijklmnopqrstuvwxyz,1616295006134,1616295006116,18,1
1616295006,218469,1234abcdefghijklmnopqrstuvwxyz,1616295006236,1616295006218,18,0
1616295006,321472,1234abcdefghijklmnopqrstuvwxyz,1616295006336,1616295006321,15,3
1616295006,423474,1234abcdefghijklmnopqrstuvwxyz,1616295006439,1616295006423,16,1
1616295006,526471,1234abcdefghijklmnopqrstuvwxyz,1616295006054,1616295006526,472,456
1616295006,628472,1234abcdefghijklmnopqrstuvwxyz,1616295006641,1616295006628,13,459
1616295006,730468,1234abcdefghijklmnopqrstuvwxyz,1616295006744,1616295006730,14,1
1616295006,833471,1234abcdefghijklmnopqrstuvwxyz,1616295006849,1616295006833,16,2
1616295006,935474,1234abcdefghijklmnopqrstuvwxyz,1616295006095,1616295006935,840,824
1616295007,38471,1234abcdefghijklmnopqrstuvwxyz,1616295007057,1616295007038,19,821
1616295007,140473,1234abcdefghijklmnopqrstuvwxyz,1616295007155,1616295007140,15,4
1616295007,242468,1234abcdefghijklmnopqrstuvwxyz,1616295007257,1616295007242,15,0
1616295007,345472,1234abcdefghijklmnopqrstuvwxyz,1616295007036,1616295007345,309,294
1616295007,447474,1234abcdefghijklmnopqrstuvwxyz,1616295007464,1616295007447,17,292
1616295007,550471,1234abcdefghijklmnopqrstuvwxyz,1616295007567,1616295007550,17,0
1616295007,652474,1234abcdefghijklmnopqrstuvwxyz,1616295007669,1616295007652,17,0
1616295007,754468,1234abcdefghijklmnopqrstuvwxyz,1616295007772,1616295007754,18,1
1616295007,857471,1234abcdefghijklmnopqrstuvwxyz,1616295007872,1616295007857,15,3
1616295007,959473,1234abcdefghijklmnopqrstuvwxyz,1616295007974,1616295007959,15,0
1616295008,62472,1234abcdefghijklmnopqrstuvwxyz,1616295008078,1616295008062,16,1
1616295008,164474,1234abcdefghijklmnopqrstuvwxyz,1616295008018,1616295008164,146,130
1616295008,266468,1234abcdefghijklmnopqrstuvwxyz,1616295008281,1616295008266,15,131
1616295008,369472,1234abcdefghijklmnopqrstuvwxyz,1616295008383,1616295008369,14,1
1616295008,471474,1234abcdefghijklmnopqrstuvwxyz,1616295008485,1616295008471,14,0
1616295008,574471,1234abcdefghijklmnopqrstuvwxyz,1616295008588,1616295008574,14,0
1616295008,676471,1234abcdefghijklmnopqrstuvwxyz,1616295008694,1616295008676,18,4
1616295008,778468,1234abcdefghijklmnopqrstuvwxyz,1616295008794,1616295008778,16,2
1616295008,881471,1234abcdefghijklmnopqrstuvwxyz,1616295008897,1616295008881,16,0
1616295008,983472,1234abcdefghijklmnopqrstuvwxyz,1616295008998,1616295008983,15,1
1616295009,86471,1234abcdefghijklmnopqrstuvwxyz,1616295009103,1616295009086,17,2
1616295009,188471,1234abcdefghijklmnopqrstuvwxyz,1616295009203,1616295009188,15,2
1616295009,290468,1234abcdefghijklmnopqrstuvwxyz,1616295009307,1616295009290,17,2
1616295009,393471,1234abcdefghijklmnopqrstuvwxyz,1616295009041,1616295009393,352,335
1616295009,495475,1234abcdefghijklmnopqrstuvwxyz,1616295009511,1616295009495,16,336
1616295009,598471,1234abcdefghijklmnopqrstuvwxyz,1616295009614,1616295009598,16,0
1616295009,700471,1234abcdefghijklmnopqrstuvwxyz,1616295009713,1616295009700,13,3
1616295009,802468,1234abcdefghijklmnopqrstuvwxyz,1616295009815,1616295009802,13,0
1616295009,905471,1234abcdefghijklmnopqrstuvwxyz,1616295009918,1616295009905,13,0
1616295010,7474,1234abcdefghijklmnopqrstuvwxyz,1616295010027,1616295010007,20,7
1616295010,110471,1234abcdefghijklmnopqrstuvwxyz,1616295010125,1616295010110,15,5
1616295010,212471,1234abcdefghijklmnopqrstuvwxyz,1616295010227,1616295010212,15,0
1616295010,314468,1234abcdefghijklmnopqrstuvwxyz,1616295010329,1616295010314,15,0
1616295010,417471,1234abcdefghijklmnopqrstuvwxyz,1616295010432,1616295010417,15,0
1616295010,519474,1234abcdefghijklmnopqrstuvwxyz,1616295010534,1616295010519,15,0
1616295010,622471,1234abcdefghijklmnopqrstuvwxyz,1616295010639,1616295010622,17,2
1616295010,724471,1234abcdefghijklmnopqrstuvwxyz,1616295010739,1616295010724,15,2
1616295010,826468,1234abcdefghijklmnopqrstuvwxyz,1616295010842,1616295010826,16,1
1616295010,929471,1234abcdefghijklmnopqrstuvwxyz,1616295010946,1616295010929,17,1
1616295011,31472,1234abcdefghijklmnopqrstuvwxyz,1616295011047,1616295011031,16,1
1616295011,134471,1234abcdefghijklmnopqrstuvwxyz,1616295011152,1616295011134,18,2
1616295011,236472,1234abcdefghijklmnopqrstuvwxyz,1616295011025,1616295011236,211,193
1616295011,339471,1234abcdefghijklmnopqrstuvwxyz,1616295011353,1616295011339,14,197
1616295011,441471,1234abcdefghijklmnopqrstuvwxyz,1616295011454,1616295011441,13,1
1616295011,543472,1234abcdefghijklmnopqrstuvwxyz,1616295011558,1616295011543,15,2
1616295011,646471,1234abcdefghijklmnopqrstuvwxyz,1616295011066,1616295011646,580,565
1616295011,748472,1234abcdefghijklmnopqrstuvwxyz,1616295011761,1616295011748,13,567
1616295011,851472,1234abcdefghijklmnopqrstuvwxyz,1616295011866,1616295011851,15,2
1616295011,953471,1234abcdefghijklmnopqrstuvwxyz,1616295011967,1616295011953,14,1
1616295012,55476,1234abcdefghijklmnopqrstuvwxyz,1616295012073,1616295012055,18,4
1616295012,158471,1234abcdefghijklmnopqrstuvwxyz,1616295012177,1616295012158,19,1
1616295012,260471,1234abcdefghijklmnopqrstuvwxyz,1616295012276,1616295012260,16,3
1616295012,363472,1234abcdefghijklmnopqrstuvwxyz,1616295012378,1616295012363,15,1
1616295012,465471,1234abcdefghijklmnopqrstuvwxyz,1616295012048,1616295012465,417,402
1616295012,567469,1234abcdefghijklmnopqrstuvwxyz,1616295012582,1616295012567,15,402
1616295012,670471,1234abcdefghijklmnopqrstuvwxyz,1616295012685,1616295012670,15,0
1616295012,772471,1234abcdefghijklmnopqrstuvwxyz,1616295012786,1616295012772,14,1
1616295012,875472,1234abcdefghijklmnopqrstuvwxyz,1616295012889,1616295012875,14,0
1616295012,977471,1234abcdefghijklmnopqrstuvwxyz,1616295012992,1616295012977,15,1
1616295013,79468,1234abcdefghijklmnopqrstuvwxyz,1616295013092,1616295013079,13,2
1616295013,182471,1234abcdefghijklmnopqrstuvwxyz,1616295013195,1616295013182,13,0
1616295013,284471,1234abcdefghijklmnopqrstuvwxyz,1616295013298,1616295013284,14,1
1616295013,387471,1234abcdefghijklmnopqrstuvwxyz,1616295013401,1616295013387,14,0
1616295013,489471,1234abcdefghijklmnopqrstuvwxyz,1616295013506,1616295013489,17,3
1616295013,591468,1234abcdefghijklmnopqrstuvwxyz,1616295013609,1616295013591,18,1
1616295013,694471,1234abcdefghijklmnopqrstuvwxyz,1616295013713,1616295013694,19,1
1616295013,796472,1234abcdefghijklmnopqrstuvwxyz,1616295013812,1616295013796,16,3
1616295013,899471,1234abcdefghijklmnopqrstuvwxyz,1616295013913,1616295013899,14,2
1616295014,1473,1234abcdefghijklmnopqrstuvwxyz,1616295014014,1616295014001,13,1
1616295014,103468,1234abcdefghijklmnopqrstuvwxyz,1616295014117,1616295014103,14,1
1616295014,206471,1234abcdefghijklmnopqrstuvwxyz,1616295014219,1616295014206,13,1
1616295014,308475,1234abcdefghijklmnopqrstuvwxyz,1616295014321,1616295014308,13,0
1616295014,411471,1234abcdefghijklmnopqrstuvwxyz,1616295014423,1616295014411,12,1
1616295014,513472,1234abcdefghijklmnopqrstuvwxyz,1616295014529,1616295014513,16,4
1616295014,615468,1234abcdefghijklmnopqrstuvwxyz,1616295014629,1616295014615,14,2
1616295014,718471,1234abcdefghijklmnopqrstuvwxyz,1616295014732,1616295014718,14,0
1616295014,820474,1234abcdefghijklmnopqrstuvwxyz,1616295014835,1616295014820,15,1
1616295014,923471,1234abcdefghijklmnopqrstuvwxyz,1616295014935,1616295014923,12,3
1616295015,25472,1234abcdefghijklmnopqrstuvwxyz,1616295015004,1616295015025,21,9
1616295015,127468,1234abcdefghijklmnopqrstuvwxyz,1616295015143,1616295015127,16,5
1616295015,230471,1234abcdefghijklmnopqrstuvwxyz,1616295015247,1616295015230,17,1
1616295015,332473,1234abcdefghijklmnopqrstuvwxyz,1616295015346,1616295015332,14,3
1616295015,435471,1234abcdefghijklmnopqrstuvwxyz,1616295015448,1616295015435,13,1
1616295015,537475,1234abcdefghijklmnopqrstuvwxyz,1616295015055,1616295015537,482,469
1616295015,639468,1234abcdefghijklmnopqrstuvwxyz,1616295015066,1616295015639,573,91
1616295015,742471,1234abcdefghijklmnopqrstuvwxyz,1616295015766,1616295015742,24,549
1616295015,844472,1234abcdefghijklmnopqrstuvwxyz,1616295015857,1616295015844,13,11
1616295015,947471,1234abcdefghijklmnopqrstuvwxyz,1616295015962,1616295015947,15,2
1616295016,49474,1234abcdefghijklmnopqrstuvwxyz,1616295016063,1616295016049,14,1
1616295016,151468,1234abcdefghijklmnopqrstuvwxyz,1616295016167,1616295016151,16,2
1616295016,254471,1234abcdefghijklmnopqrstuvwxyz,1616295016269,1616295016254,15,1
1616295016,355468,1234abcdefghijklmnopqrstuvwxyz,1616295016037,1616295016355,318,303
1616295016,458468,1234abcdefghijklmnopqrstuvwxyz,1616295016472,1616295016458,14,304
1616295016,561473,1234abcdefghijklmnopqrstuvwxyz,1616295016576,1616295016561,15,1
1616295016,663468,1234abcdefghijklmnopqrstuvwxyz,1616295016677,1616295016663,14,1
1616295016,766468,1234abcdefghijklmnopqrstuvwxyz,1616295016782,1616295016766,16,2
1616295016,869468,1234abcdefghijklmnopqrstuvwxyz,1616295016883,1616295016869,14,2
1616295016,971471,1234abcdefghijklmnopqrstuvwxyz,1616295016984,1616295016971,13,1
1616295017,73471,1234abcdefghijklmnopqrstuvwxyz,1616295017086,1616295017073,13,0
1616295017,175468,1234abcdefghijklmnopqrstuvwxyz,1616295017188,1616295017175,13,0
1616295017,278472,1234abcdefghijklmnopqrstuvwxyz,1616295017293,1616295017278,15,2
1616295017,380476,1234abcdefghijklmnopqrstuvwxyz,1616295017397,1616295017380,17,2
1616295017,483472,1234abcdefghijklmnopqrstuvwxyz,1616295017496,1616295017483,13,4
1616295017,585471,1234abcdefghijklmnopqrstuvwxyz,1616295017598,1616295017585,13,0
1616295017,687468,1234abcdefghijklmnopqrstuvwxyz,1616295017702,1616295017687,15,2
1616295017,790471,1234abcdefghijklmnopqrstuvwxyz,1616295017804,1616295017790,14,1
1616295017,892474,1234abcdefghijklmnopqrstuvwxyz,1616295017907,1616295017892,15,1
1616295017,995471,1234abcdefghijklmnopqrstuvwxyz,1616295018011,1616295017995,16,1
1616295018,97471,1234abcdefghijklmnopqrstuvwxyz,1616295018112,1616295018097,15,1
1616295018,199468,1234abcdefghijklmnopqrstuvwxyz,1616295018213,1616295018199,14,1
1616295018,302471,1234abcdefghijklmnopqrstuvwxyz,1616295018315,1616295018302,13,1
1616295018,404472,1234abcdefghijklmnopqrstuvwxyz,1616295018418,1616295018404,14,1
1616295018,507471,1234abcdefghijklmnopqrstuvwxyz,1616295018052,1616295018507,455,441
1616295018,609472,1234abcdefghijklmnopqrstuvwxyz,1616295018627,1616295018609,18,437
1616295018,711468,1234abcdefghijklmnopqrstuvwxyz,1616295018725,1616295018711,14,4
1616295018,814471,1234abcdefghijklmnopqrstuvwxyz,1616295018826,1616295018814,12,2
1616295018,916472,1234abcdefghijklmnopqrstuvwxyz,1616295018093,1616295018916,823,811
1616295019,19471,1234abcdefghijklmnopqrstuvwxyz,1616295019032,1616295019019,13,810
1616295019,121472,1234abcdefghijklmnopqrstuvwxyz,1616295019135,1616295019121,14,1
1616295019,224471,1234abcdefghijklmnopqrstuvwxyz,1616295019237,1616295019224,13,1
1616295019,326471,1234abcdefghijklmnopqrstuvwxyz,1616295019339,1616295019326,13,0
1616295019,428475,1234abcdefghijklmnopqrstuvwxyz,1616295019444,1616295019428,16,3
1616295019,531471,1234abcdefghijklmnopqrstuvwxyz,1616295019055,1616295019531,476,460
1616295019,633471,1234abcdefghijklmnopqrstuvwxyz,1616295019065,1616295019633,568,92
1616295019,736471,1234abcdefghijklmnopqrstuvwxyz,1616295019752,1616295019736,16,552
1616295019,838471,1234abcdefghijklmnopqrstuvwxyz,1616295019852,1616295019838,14,2
1616295019,940470,1234abcdefghijklmnopqrstuvwxyz,1616295019954,1616295019940,14,0
1616295020,43471,1234abcdefghijklmnopqrstuvwxyz,1616295020055,1616295020043,12,2
1616295020,145471,1234abcdefghijklmnopqrstuvwxyz,1616295020159,1616295020145,14,2
1616295020,248471,1234abcdefghijklmnopqrstuvwxyz,1616295020026,1616295020248,222,208
1616295020,350471,1234abcdefghijklmnopqrstuvwxyz,1616295020363,1616295020350,13,209
1616295020,452468,1234abcdefghijklmnopqrstuvwxyz,1616295020466,1616295020452,14,1
1616295020,555471,1234abcdefghijklmnopqrstuvwxyz,1616295020568,1616295020555,13,1
1616295020,657471,1234abcdefghijklmnopqrstuvwxyz,1616295020672,1616295020657,15,2
1616295020,760471,1234abcdefghijklmnopqrstuvwxyz,1616295020773,1616295020760,13,2
1616295020,862471,1234abcdefghijklmnopqrstuvwxyz,1616295020874,1616295020862,12,1
1616295020,964468,1234abcdefghijklmnopqrstuvwxyz,1616295020098,1616295020964,866,854
1616295021,67472,1234abcdefghijklmnopqrstuvwxyz,1616295021084,1616295021067,17,849